From,To
C. D. C.,CDC
C.D.C.,CDC
Centers For Disease Control And Prevention,CDC
Centers for Disease Control and Prevention,CDC
Federal Bureau of Investigation,FBI
Federal Bureau Of Investigation,FBI
F. B. I.,FBI
F.B.I.,FBI
Rio de Janeiro,Rio
Environmental Protection Agency,EPA
E. P. A.,EPA
E.P.A.,EPA
United States of America,USA
United States Of America,USA
United States,USA
Olympic Games,Olympics
New York,NY
President Barack Obama,Obama
President Obama,Obama
Barack Obama,Obama
President Donald Trump,Trump
President Trump,Trump
Donald Trump,Trump
Hillary Clinton,Clinton
Republican Party,Republicans
GOP,Republicans
Democratic Party,Democrats
Clinton Foundation,ClintonFoundation
Governor,Gov
Gov.,Gov
State Secretary,StateSecretary
Secretary of State,StateSecretary
Mike Pence,Pence
Baton Rouge,BatonRouge
BATON ROUGE,BatonRouge
Islamic State,ISIS
President Recep Tayyip Erdogan,Erdogan
President Erdogan,Erdogan
European Union,EU
E.U.,EU
E. U. ,EU